path,bytes,sha256,mime
01_MASTER/CHECKSUMS_SHA256.txt,1630,75ed97cbb2ffc6ccb1247796905d6ff7db1037d679fd19e08ed52c98b7e10aee,text/plain
01_MASTER/NEXORA_GROUP_MASTER_BLACK.eps,17817,9744824968816cbced70f7d0c8b7e0994bb37b5eab16d6c751dde915a5cf3c4c,application/postscript
01_MASTER/NEXORA_GROUP_MASTER_BLACK.pdf,5926,f0c04c49f38c8b7fe7c67fef78f9221d2ec8f3c000ff570c91293df27b075c81,application/pdf
01_MASTER/NEXORA_GROUP_MASTER_BLACK.svg,14630,ae4ccd1aa2d434157aa210dcfe229a371b3971fd56b593c8f17c20eb2a5fc47f,image/svg+xml
01_MASTER/NEXORA_GROUP_MASTER_COLOR.eps,17966,4c77c91223cf0613bb2572921fb8f39872250168876cec75ee6d08d48c67bfce,application/postscript
01_MASTER/NEXORA_GROUP_MASTER_COLOR.pdf,5983,04f9c954a411e553ef1ad1570188b20decd0298d39deea1f1f8dfb0aaf8bc0c7,application/pdf
01_MASTER/NEXORA_GROUP_MASTER_COLOR.svg,14682,24531f0a806f2c82c8f9975ade413d66fc6854843d3cdefeb4975f86fc000ede,image/svg+xml
01_MASTER/NEXORA_GROUP_MASTER_EDITABLE_COMPATIBLE.svg,14682,24531f0a806f2c82c8f9975ade413d66fc6854843d3cdefeb4975f86fc000ede,image/svg+xml
01_MASTER/NEXORA_GROUP_MASTER_NAVY.eps,17844,2a59ff54b998947754496c50b66948333e6d6cbb2dea3821b7ca12eb6424db63,application/postscript
01_MASTER/NEXORA_GROUP_MASTER_NAVY.pdf,5942,cb29dd772be2dff95eb5e7c6b2d547c25ae49536306dfa89194bc532cf18383d,application/pdf
01_MASTER/NEXORA_GROUP_MASTER_NAVY.svg,14682,f138316d572a0eb74a28c6b88d46e3947c7f8e9a51e97ed5c91983d108a868a2,image/svg+xml
01_MASTER/NEXORA_GROUP_MASTER_SYMBOL_MICRO.svg,673,ebc32a700cc6104e74234960d48a6585e6428bbd9e6a4497214a455efd4a3d55,image/svg+xml
01_MASTER/NEXORA_GROUP_MASTER_SYMBOL_STANDARD.svg,673,826ef9f76b1a5fb405e012cf141faa3b388a65ad99722c6501c476b49b42c8d9,image/svg+xml
01_MASTER/NEXORA_GROUP_MASTER_WHITE.eps,17817,787159aa401de796bc85138d6578ed53140a08a326206a34275e358801b2bc0d,application/postscript
01_MASTER/NEXORA_GROUP_MASTER_WHITE.pdf,5928,995ba40b0e6cf5dd334cb435f719a2e13df0173fcc7820c9117f4f6322528acb,application/pdf
01_MASTER/NEXORA_GROUP_MASTER_WHITE.svg,14682,286b6d2f998b91b1161c72cfa94765a2f39523a323eaf61a0c806adf2dcabc74,image/svg+xml
01_MASTER/README_MASTER.txt,459,b023ad31bed761746829647ed4017f2ec7416a7e964b43661d7114991b09661a,text/plain
01_MASTER/VERSION.txt,69,10823cd8e3232ac53a0f4b227f19c814116113613b20b3e938429c59aecddfe7,text/plain
02_PRIMARY_LOGO/NEXORA_GROUP_PRIMARY_NO_TAGLINE_BLACK_RGB.eps,6864,47865a84febd38f85b44f2bb6d3992297703684c1517c4f1057b16d3531a59b3,application/postscript
02_PRIMARY_LOGO/NEXORA_GROUP_PRIMARY_NO_TAGLINE_BLACK_RGB.pdf,2528,6b3e02fec8242bb47c9df745dac2ecf3f87e13c57b9efe18036c58749cfa5712,application/pdf
02_PRIMARY_LOGO/NEXORA_GROUP_PRIMARY_NO_TAGLINE_BLACK_RGB.svg,4939,78095e897d64be54cda9afca00d4c49620d8575ed389c26bb8cffdb4ceb8a8be,image/svg+xml
02_PRIMARY_LOGO/NEXORA_GROUP_PRIMARY_NO_TAGLINE_COLOR_RGB.eps,6982,fb6ad7e877cdd6d12fd40dc93e63e389b377eef197eb02008919d54924f9f3b9,application/postscript
02_PRIMARY_LOGO/NEXORA_GROUP_PRIMARY_NO_TAGLINE_COLOR_RGB.pdf,2580,0c282219d98d7f78562c07086049cc619c6dc47e5ce97de408aa63c390eb3ba9,application/pdf
02_PRIMARY_LOGO/NEXORA_GROUP_PRIMARY_NO_TAGLINE_COLOR_RGB.svg,4978,14bfae8db90f66d9e7267ed7a7243efe47684381b37f47cccaad6f9758676537,image/svg+xml
02_PRIMARY_LOGO/NEXORA_GROUP_PRIMARY_NO_TAGLINE_COLOR_RGB_1024.png,32121,778adeafdd25025ab08d5be3db70502f65186ce127ba2c62a45a000053c089c4,image/png
02_PRIMARY_LOGO/NEXORA_GROUP_PRIMARY_NO_TAGLINE_COLOR_RGB_2048.png,69915,15a5e6f6a59ed24ace592986d7e0b429a6483c6ce5d05fb6bb470878e0b6c0c0,image/png
02_PRIMARY_LOGO/NEXORA_GROUP_PRIMARY_NO_TAGLINE_COLOR_RGB_4096.png,166552,c1c488c00f2735a62baf51a6622f73e9d327b0cd0ef1947c4bffce926729a05b,image/png
02_PRIMARY_LOGO/NEXORA_GROUP_PRIMARY_NO_TAGLINE_COLOR_RGB_8000.png,422697,f7e15f28c72fe0067e99ae97b4b929f4773829e78696e35ee1485ab9fc2cdb54,image/png
02_PRIMARY_LOGO/NEXORA_GROUP_PRIMARY_NO_TAGLINE_GRAYSCALE_RGB.eps,6980,70f8dd3ce702cc7a94058cca26fa57f1132be03d1fbdf80f6ad18f5529144699,application/postscript
02_PRIMARY_LOGO/NEXORA_GROUP_PRIMARY_NO_TAGLINE_GRAYSCALE_RGB.pdf,2580,5e4026fcd258b65d403b47e820806735bf9a6f568d987548def2be4bd418c661,application/pdf
02_PRIMARY_LOGO/NEXORA_GROUP_PRIMARY_NO_TAGLINE_GRAYSCALE_RGB.svg,4978,b9b56495e863a0d560828239d3fa0ae6dcd253c62465b339a1c02b0868d0e01d,image/svg+xml
02_PRIMARY_LOGO/NEXORA_GROUP_PRIMARY_NO_TAGLINE_NAVY_RGB.eps,6891,03dc7917dc3ebfecb394fa100490cbf40319a9ee5ddf2b4be10dc4753d960585,application/postscript
02_PRIMARY_LOGO/NEXORA_GROUP_PRIMARY_NO_TAGLINE_NAVY_RGB.pdf,2540,d70413eaa8b7582a2997ececf14bf2f627c489cadea1f0a74223d129e89cf669,application/pdf
02_PRIMARY_LOGO/NEXORA_GROUP_PRIMARY_NO_TAGLINE_NAVY_RGB.svg,4978,a14622c5b3026253873aa296efe239cddd5b763ce85eb6b5e8139791460cc9c6,image/svg+xml
02_PRIMARY_LOGO/NEXORA_GROUP_PRIMARY_NO_TAGLINE_WHITE_RGB.eps,6864,c86aa505d2633cba1a1edbf1cc439cbca24d47e6d2a808d176dd76a04b75a4b5,application/postscript
02_PRIMARY_LOGO/NEXORA_GROUP_PRIMARY_NO_TAGLINE_WHITE_RGB.pdf,2529,288f4dbc2b3f75b982973f4326a4a71831feac384b6b5f0ee92548bd0da48c07,application/pdf
02_PRIMARY_LOGO/NEXORA_GROUP_PRIMARY_NO_TAGLINE_WHITE_RGB.svg,4978,79ef35ae8ee7366815c37eb65a09301b802c0b03123a26e402c937653958dae2,image/svg+xml
02_PRIMARY_LOGO/NEXORA_GROUP_PRIMARY_WITH_TAGLINE_BLACK_RGB.eps,17817,d2c4034d8e4cb3f51acbc2fba79ae18ce4e95fa6252c843d9a0d4398d5197324,application/postscript
02_PRIMARY_LOGO/NEXORA_GROUP_PRIMARY_WITH_TAGLINE_BLACK_RGB.pdf,5927,761ab2ece705d68573d1830a208fe71007c97ab0f16d891e1cb9465e05a16560,application/pdf
02_PRIMARY_LOGO/NEXORA_GROUP_PRIMARY_WITH_TAGLINE_BLACK_RGB.svg,14630,ae4ccd1aa2d434157aa210dcfe229a371b3971fd56b593c8f17c20eb2a5fc47f,image/svg+xml
02_PRIMARY_LOGO/NEXORA_GROUP_PRIMARY_WITH_TAGLINE_COLOR_RGB.eps,17966,016f00a8ac65955eb2fc00f1c0b62f2993c1b597adaed49c292205452c1ad9f7,application/postscript
02_PRIMARY_LOGO/NEXORA_GROUP_PRIMARY_WITH_TAGLINE_COLOR_RGB.pdf,5983,ad6a0090bd342536f1c72c16b1ef8c50894efad18f686b8af30f3a108ff4edbe,application/pdf
02_PRIMARY_LOGO/NEXORA_GROUP_PRIMARY_WITH_TAGLINE_COLOR_RGB.svg,14682,24531f0a806f2c82c8f9975ade413d66fc6854843d3cdefeb4975f86fc000ede,image/svg+xml
02_PRIMARY_LOGO/NEXORA_GROUP_PRIMARY_WITH_TAGLINE_COLOR_RGB_1024.png,45953,c75fb221a994d9731b2ea526c6d21a17cf729fad6807f3de037ec2538fc98642,image/png
02_PRIMARY_LOGO/NEXORA_GROUP_PRIMARY_WITH_TAGLINE_COLOR_RGB_12000.png,1049251,6b0409581ea5f0d9b6a40ad80460872785afc730cc7e33237c37f9bae18a8f36,image/png
02_PRIMARY_LOGO/NEXORA_GROUP_PRIMARY_WITH_TAGLINE_COLOR_RGB_16000.png,1635343,5ee255824163258cb7e0d056ce0c6b706e54dbef48d2cb5b75ed4e703b3a1318,image/png
02_PRIMARY_LOGO/NEXORA_GROUP_PRIMARY_WITH_TAGLINE_COLOR_RGB_2048.jpg,184911,29af4d87b4a0420ccbe9ff5ba3b707793624b26b895b5a7d0b551dafed0d6234,image/jpeg
02_PRIMARY_LOGO/NEXORA_GROUP_PRIMARY_WITH_TAGLINE_COLOR_RGB_2048.png,97679,b4d969ea6592bff406abfb6859b8d12db1b4b12737e2c42e36a01d8623160072,image/png
02_PRIMARY_LOGO/NEXORA_GROUP_PRIMARY_WITH_TAGLINE_COLOR_RGB_2048.webp,30396,d5fec2a248d2bd3a3fc774f7404cd943e92c447bbe17e18614286d98b57e6945,image/webp
02_PRIMARY_LOGO/NEXORA_GROUP_PRIMARY_WITH_TAGLINE_COLOR_RGB_4096.jpg,465774,5e6e2b38c288c36ddbd9e344068dfb519371efb6b20d06a208f73e2d7258e117,image/jpeg
02_PRIMARY_LOGO/NEXORA_GROUP_PRIMARY_WITH_TAGLINE_COLOR_RGB_4096.png,225417,b58387b889398012292a3ec31ca1a39839eb409c46a851c4cc6c9f69d8f9d687,image/png
02_PRIMARY_LOGO/NEXORA_GROUP_PRIMARY_WITH_TAGLINE_COLOR_RGB_4096.webp,61312,4b536d185ee7d36b3fd5734bdc8172b90b9279e9656da016c88ae9cd50600fc0,image/webp
02_PRIMARY_LOGO/NEXORA_GROUP_PRIMARY_WITH_TAGLINE_COLOR_RGB_512.png,21744,f771bcde7da22be40b59cdf86bf7e9cb568b1f172587455294210077e55e2e3c,image/png
02_PRIMARY_LOGO/NEXORA_GROUP_PRIMARY_WITH_TAGLINE_COLOR_RGB_8000.jpg,1170314,9f5c868619d25bd8c6035cc6c79e193ac34492ce15eb886b75e2e68c30d2908a,image/jpeg
02_PRIMARY_LOGO/NEXORA_GROUP_PRIMARY_WITH_TAGLINE_COLOR_RGB_8000.png,550426,b0061a7f6a3166a432583aaa530836e109427c95628b1213ad86a917e61dd8ac,image/png
02_PRIMARY_LOGO/NEXORA_GROUP_PRIMARY_WITH_TAGLINE_COLOR_RGB_8000.webp,123258,1d789eb4b611326f851b2b7626d5cfc142a9f9811ed971ef9d94b75b00bb90f3,image/webp
02_PRIMARY_LOGO/NEXORA_GROUP_PRIMARY_WITH_TAGLINE_GRAYSCALE_RGB.eps,17963,8a94fc19ee226a30874665155fe4efb32fc5d19b7d50981acc6d8c8730532951,application/postscript
02_PRIMARY_LOGO/NEXORA_GROUP_PRIMARY_WITH_TAGLINE_GRAYSCALE_RGB.pdf,5984,1aa9f0f8b8624b6b96b5abc2a65648bc5a63cb71268b235dd58371b3d351a935,application/pdf
02_PRIMARY_LOGO/NEXORA_GROUP_PRIMARY_WITH_TAGLINE_GRAYSCALE_RGB.svg,14682,e8a043f24c33060d229ba5ac7821c7f49e37d27ba96eef12c51296386cd0f2c8,image/svg+xml
02_PRIMARY_LOGO/NEXORA_GROUP_PRIMARY_WITH_TAGLINE_NAVY_RGB.eps,17844,35c39335dc5141d22d051d439115d8b3316f0498b79e53fde5ec1d0a6491aaba,application/postscript
02_PRIMARY_LOGO/NEXORA_GROUP_PRIMARY_WITH_TAGLINE_NAVY_RGB.pdf,5942,1fd25906c7f2889e3b9469d063b9824a22694e951bb73b01064dbe840d95c192,application/pdf
02_PRIMARY_LOGO/NEXORA_GROUP_PRIMARY_WITH_TAGLINE_NAVY_RGB.svg,14682,f138316d572a0eb74a28c6b88d46e3947c7f8e9a51e97ed5c91983d108a868a2,image/svg+xml
02_PRIMARY_LOGO/NEXORA_GROUP_PRIMARY_WITH_TAGLINE_WHITE_RGB.eps,17817,296215d19bc6b1a4c85980c26a28b62dc2a8a0d4aee92081d4885cd74e82c1d4,application/postscript
02_PRIMARY_LOGO/NEXORA_GROUP_PRIMARY_WITH_TAGLINE_WHITE_RGB.pdf,5928,3bb18166f0079fd3634d21cb00a44e5aa56e84821c06bcccb35560b69dcdb33e,application/pdf
02_PRIMARY_LOGO/NEXORA_GROUP_PRIMARY_WITH_TAGLINE_WHITE_RGB.svg,14682,286b6d2f998b91b1161c72cfa94765a2f39523a323eaf61a0c806adf2dcabc74,image/svg+xml
03_HORIZONTAL/NEXORA_GROUP_HORIZONTAL_NO_TAGLINE_BLACK_RGB.pdf,2538,d5896ec8011f7f7f9caf460307702c8a66f9433f8711ac595ebc0f2373d98b6d,application/pdf
03_HORIZONTAL/NEXORA_GROUP_HORIZONTAL_NO_TAGLINE_BLACK_RGB.svg,4862,65738b3cdf96d16a76ef9653ab1b131b03cce941044fec48a390a62f8d5968cc,image/svg+xml
03_HORIZONTAL/NEXORA_GROUP_HORIZONTAL_NO_TAGLINE_COLOR_RGB.pdf,2594,f91c791c62420333fd849d76b3e801398f9674ddb0a7dbaa091e0081199098b5,application/pdf
03_HORIZONTAL/NEXORA_GROUP_HORIZONTAL_NO_TAGLINE_COLOR_RGB.svg,4901,4c3acdfc561a3a1824070a3e74aafe6c3a7f96de45033da2027a967796573f8b,image/svg+xml
03_HORIZONTAL/NEXORA_GROUP_HORIZONTAL_NO_TAGLINE_GRAYSCALE_RGB.pdf,2589,0a2ea25e0a4a4af9e4933b5e9d58870e6498b4080fcc12644bece4bfb9728da6,application/pdf
03_HORIZONTAL/NEXORA_GROUP_HORIZONTAL_NO_TAGLINE_GRAYSCALE_RGB.svg,4901,d986b1cac59ce30eee44815c6251f13423c467447d49ee3ac28e6ca7e4435180,image/svg+xml
03_HORIZONTAL/NEXORA_GROUP_HORIZONTAL_NO_TAGLINE_NAVY_RGB.pdf,2556,392e5ef78800b2d18da95e85eb42b4e4044c5a23c2401d2a57c4a248b8d1fe9c,application/pdf
03_HORIZONTAL/NEXORA_GROUP_HORIZONTAL_NO_TAGLINE_NAVY_RGB.svg,4901,029550fe6ccfdd5e30e8be401e6784628c528e7f73277c6e81de0989b7eb8bd9,image/svg+xml
03_HORIZONTAL/NEXORA_GROUP_HORIZONTAL_NO_TAGLINE_WHITE_RGB.pdf,2540,3129478a0dfc3500d584c4f930d5ae97291855fe5c2d7ce73e005fd92f260d71,application/pdf
03_HORIZONTAL/NEXORA_GROUP_HORIZONTAL_NO_TAGLINE_WHITE_RGB.svg,4901,2b9561f0cfb8db1a552fa20235f2519e0933442a1c68a6999a37df2ebcb0e9eb,image/svg+xml
03_HORIZONTAL/NEXORA_GROUP_HORIZONTAL_WITH_TAGLINE_BLACK_RGB.pdf,5923,0012583bc7728746f53194d4eb55483c6ecea5575369d6b1a8d68340723b5855,application/pdf
03_HORIZONTAL/NEXORA_GROUP_HORIZONTAL_WITH_TAGLINE_BLACK_RGB.svg,14319,41600b83148090c623580f3f79bafb62b7dc4d32369465266ce18fb92099694f,image/svg+xml
03_HORIZONTAL/NEXORA_GROUP_HORIZONTAL_WITH_TAGLINE_COLOR_RGB.pdf,5983,597b67a91428c42e80f9dc78e34573264ebf7eafb581bb4e40b9a7d7251f357e,application/pdf
03_HORIZONTAL/NEXORA_GROUP_HORIZONTAL_WITH_TAGLINE_COLOR_RGB.svg,14371,6bb6728daa37ad1ba0b2b4953e9035c9159af2ba17ea0a841fb953fd19daf487,image/svg+xml
03_HORIZONTAL/NEXORA_GROUP_HORIZONTAL_WITH_TAGLINE_COLOR_RGB_1024.png,26753,8995ce764f208f3ebaa24f2afc10606172d2dda421aa4ac4810c859d14c8aeef,image/png
03_HORIZONTAL/NEXORA_GROUP_HORIZONTAL_WITH_TAGLINE_COLOR_RGB_16000.png,714409,cb9103cf3ded3718439dd57f21fd57957076cb19eebfe1b9447fa107c47da86e,image/png
03_HORIZONTAL/NEXORA_GROUP_HORIZONTAL_WITH_TAGLINE_COLOR_RGB_2048.jpg,95161,2fb1dd5d40f0463d838c3e733a89d0d0ae823f3105dcaac2b108b429733e5a84,image/jpeg
03_HORIZONTAL/NEXORA_GROUP_HORIZONTAL_WITH_TAGLINE_COLOR_RGB_2048.png,57284,9bbe6886bfedc107016d6d0eee6d4d8c6bc64483b1c74d8043f6a49306d0de83,image/png
03_HORIZONTAL/NEXORA_GROUP_HORIZONTAL_WITH_TAGLINE_COLOR_RGB_2048.webp,20320,524bd981bd8e13fe15f0f9c4a4ad5f98f47c873cc93ff5a9360237bce26bd378,image/webp
03_HORIZONTAL/NEXORA_GROUP_HORIZONTAL_WITH_TAGLINE_COLOR_RGB_4096.jpg,220972,e0d3e0c0d9e72c48448f7017895c99cba4f162aab755ee4be05065a8eb273f1e,image/jpeg
03_HORIZONTAL/NEXORA_GROUP_HORIZONTAL_WITH_TAGLINE_COLOR_RGB_4096.png,121684,11106c8ea369f471d8ae8c6cc77f006d0345f0516c0d03983d0470a3a8cdfdd6,image/png
03_HORIZONTAL/NEXORA_GROUP_HORIZONTAL_WITH_TAGLINE_COLOR_RGB_4096.webp,38094,461ef50c14a685390affd7dd85f2f6a3ed954d51a6f221613b21f7887419837a,image/webp
03_HORIZONTAL/NEXORA_GROUP_HORIZONTAL_WITH_TAGLINE_COLOR_RGB_512.png,12810,006fb0380133b998fcd692bbbcc2434f4870955c20dd0b9a22564c2eb272f572,image/png
03_HORIZONTAL/NEXORA_GROUP_HORIZONTAL_WITH_TAGLINE_COLOR_RGB_8000.jpg,537464,84d343ee0d7e7aeb10e945c1e6fca56c32fd9ad190f2cb96b45d64d173aafa97,image/jpeg
03_HORIZONTAL/NEXORA_GROUP_HORIZONTAL_WITH_TAGLINE_COLOR_RGB_8000.png,266494,8cab47d215d5e5981115bbedabd43f4c6abe04e61ca4402825a8991c91b4b336,image/png
03_HORIZONTAL/NEXORA_GROUP_HORIZONTAL_WITH_TAGLINE_COLOR_RGB_8000.webp,72768,045de4fe8359808d6bd54a0361c7fc500f28cdc6908368bd155392c172519101,image/webp
03_HORIZONTAL/NEXORA_GROUP_HORIZONTAL_WITH_TAGLINE_GRAYSCALE_RGB.pdf,5977,94b690ebe143cc46624189f90bf9b3fb4db3a6c9cbfb05620253e078fcbc35f5,application/pdf
03_HORIZONTAL/NEXORA_GROUP_HORIZONTAL_WITH_TAGLINE_GRAYSCALE_RGB.svg,14371,0a66fe1f62422b06bec7e4f13b15bf15d2d23d94eb6f0525f6b4a3ac70cb4873,image/svg+xml
03_HORIZONTAL/NEXORA_GROUP_HORIZONTAL_WITH_TAGLINE_NAVY_RGB.pdf,5942,83cdef7b45eccc2db2eac998e581cce82e794d40ecb13c3c3fb6ba58c45595d3,application/pdf
03_HORIZONTAL/NEXORA_GROUP_HORIZONTAL_WITH_TAGLINE_NAVY_RGB.svg,14371,5b16038abc5326fd534b20614421e8a1a85b602caf46e50f2840a7f9a5f927a3,image/svg+xml
03_HORIZONTAL/NEXORA_GROUP_HORIZONTAL_WITH_TAGLINE_WHITE_RGB.pdf,5925,ee7c243adc7f437bbf49abc7cee33f15b05ae0fca4ad04deb0fa6552cbb4f292,application/pdf
03_HORIZONTAL/NEXORA_GROUP_HORIZONTAL_WITH_TAGLINE_WHITE_RGB.svg,14371,e1b20346de70b51f83000c50e5f47a425cdb43c4e5a58019289e608cf19f1c22,image/svg+xml
04_VERTICAL/NEXORA_GROUP_VERTICAL_NO_TAGLINE_BLACK_RGB.svg,4939,78095e897d64be54cda9afca00d4c49620d8575ed389c26bb8cffdb4ceb8a8be,image/svg+xml
04_VERTICAL/NEXORA_GROUP_VERTICAL_NO_TAGLINE_COLOR_RGB.svg,4978,14bfae8db90f66d9e7267ed7a7243efe47684381b37f47cccaad6f9758676537,image/svg+xml
04_VERTICAL/NEXORA_GROUP_VERTICAL_NO_TAGLINE_GRAYSCALE_RGB.svg,4978,b9b56495e863a0d560828239d3fa0ae6dcd253c62465b339a1c02b0868d0e01d,image/svg+xml
04_VERTICAL/NEXORA_GROUP_VERTICAL_NO_TAGLINE_NAVY_RGB.svg,4978,a14622c5b3026253873aa296efe239cddd5b763ce85eb6b5e8139791460cc9c6,image/svg+xml
04_VERTICAL/NEXORA_GROUP_VERTICAL_NO_TAGLINE_WHITE_RGB.svg,4978,79ef35ae8ee7366815c37eb65a09301b802c0b03123a26e402c937653958dae2,image/svg+xml
04_VERTICAL/NEXORA_GROUP_VERTICAL_WITH_TAGLINE_BLACK_RGB.svg,14630,ae4ccd1aa2d434157aa210dcfe229a371b3971fd56b593c8f17c20eb2a5fc47f,image/svg+xml
04_VERTICAL/NEXORA_GROUP_VERTICAL_WITH_TAGLINE_COLOR_RGB.svg,14682,24531f0a806f2c82c8f9975ade413d66fc6854843d3cdefeb4975f86fc000ede,image/svg+xml
04_VERTICAL/NEXORA_GROUP_VERTICAL_WITH_TAGLINE_COLOR_RGB_1024.png,45953,c75fb221a994d9731b2ea526c6d21a17cf729fad6807f3de037ec2538fc98642,image/png
04_VERTICAL/NEXORA_GROUP_VERTICAL_WITH_TAGLINE_COLOR_RGB_2048.png,97679,b4d969ea6592bff406abfb6859b8d12db1b4b12737e2c42e36a01d8623160072,image/png
04_VERTICAL/NEXORA_GROUP_VERTICAL_WITH_TAGLINE_COLOR_RGB_4096.png,225417,b58387b889398012292a3ec31ca1a39839eb409c46a851c4cc6c9f69d8f9d687,image/png
04_VERTICAL/NEXORA_GROUP_VERTICAL_WITH_TAGLINE_COLOR_RGB_512.png,21744,f771bcde7da22be40b59cdf86bf7e9cb568b1f172587455294210077e55e2e3c,image/png
04_VERTICAL/NEXORA_GROUP_VERTICAL_WITH_TAGLINE_GRAYSCALE_RGB.svg,14682,e8a043f24c33060d229ba5ac7821c7f49e37d27ba96eef12c51296386cd0f2c8,image/svg+xml
04_VERTICAL/NEXORA_GROUP_VERTICAL_WITH_TAGLINE_NAVY_RGB.svg,14682,f138316d572a0eb74a28c6b88d46e3947c7f8e9a51e97ed5c91983d108a868a2,image/svg+xml
04_VERTICAL/NEXORA_GROUP_VERTICAL_WITH_TAGLINE_WHITE_RGB.svg,14682,286b6d2f998b91b1161c72cfa94765a2f39523a323eaf61a0c806adf2dcabc74,image/svg+xml
05_SYMBOL_NX/NEXORA_GROUP_SYMBOL_MICRO_BLACK_RGB.eps,2775,d45fa9f71d0097592d7f559ab4b1dcb2688fc2950939ddcd5b60e8d4104ace7e,application/postscript
05_SYMBOL_NX/NEXORA_GROUP_SYMBOL_MICRO_BLACK_RGB.pdf,1177,f178a498fe66a38ef47f404ce9e6f16e14af9d39c2725ca32e8294be34c8b767,application/pdf
05_SYMBOL_NX/NEXORA_GROUP_SYMBOL_MICRO_BLACK_RGB.svg,673,9563712a287062cb8dd0b5cd71769cfec599a1f741fea400ef51744412ddf87c,image/svg+xml
05_SYMBOL_NX/NEXORA_GROUP_SYMBOL_MICRO_COLOR_RGB.eps,2832,fc1a823c614e9477612d118c779c1573fc1147c58af862fd6933c6fb3f9e6b09,application/postscript
05_SYMBOL_NX/NEXORA_GROUP_SYMBOL_MICRO_COLOR_RGB.pdf,1208,c6c6af20c1444d235410995eb98ffff1d6520d37123cdf433c8926ec1a2c9ff0,application/pdf
05_SYMBOL_NX/NEXORA_GROUP_SYMBOL_MICRO_COLOR_RGB.svg,673,ebc32a700cc6104e74234960d48a6585e6428bbd9e6a4497214a455efd4a3d55,image/svg+xml
05_SYMBOL_NX/NEXORA_GROUP_SYMBOL_MICRO_GRAYSCALE_RGB.eps,2831,c3369d9db0b5f25770fc0a0bfaff822ed65e4f6092b984be4adc1935b8af7235,application/postscript
05_SYMBOL_NX/NEXORA_GROUP_SYMBOL_MICRO_GRAYSCALE_RGB.pdf,1205,5c258d9a577241f963dd668015fd800aaf6edb495a99fef506c607255218790c,application/pdf
05_SYMBOL_NX/NEXORA_GROUP_SYMBOL_MICRO_GRAYSCALE_RGB.svg,673,1231d4fe4756fc09017fffe6b3a8a5c694101ad654552aaf67a7d8ecdde5a665,image/svg+xml
05_SYMBOL_NX/NEXORA_GROUP_SYMBOL_MICRO_NAVY_RGB.eps,2802,f2e31fa64c448c55eb4eb1da0748ee08d99ccf97b00df33999a00b0afcf83b3d,application/postscript
05_SYMBOL_NX/NEXORA_GROUP_SYMBOL_MICRO_NAVY_RGB.pdf,1191,08f3e445c5202e4dc992779e1b2d945bf22b6b37849c77c5366e4984f6757ef5,application/pdf
05_SYMBOL_NX/NEXORA_GROUP_SYMBOL_MICRO_NAVY_RGB.svg,673,957106e4dc8a17d80f628ad8b09b88fce4fed3016d52f9d2aacce62cd7f06d98,image/svg+xml
05_SYMBOL_NX/NEXORA_GROUP_SYMBOL_MICRO_WHITE_RGB.eps,2775,847c1a50cd27cabcdec6db9b278a67a82b0142e5c8362a7619fa15b43d7bfff4,application/postscript
05_SYMBOL_NX/NEXORA_GROUP_SYMBOL_MICRO_WHITE_RGB.pdf,1178,56d83d2391b96a79f2470f02767b324cf90f1d4a3eff6fc91bbfc0f1b9bbebba,application/pdf
05_SYMBOL_NX/NEXORA_GROUP_SYMBOL_MICRO_WHITE_RGB.svg,673,db7938345a704864c9bf49bdbd6c6c0e74d2ce6ab7f79bdaee16e77216ae6bab,image/svg+xml
05_SYMBOL_NX/NEXORA_GROUP_SYMBOL_STANDARD_BLACK_RGB.eps,2820,46515305592be09ba07eb386db90e6840fea77c159f75f1780c8c9f8c2621b84,application/postscript
05_SYMBOL_NX/NEXORA_GROUP_SYMBOL_STANDARD_BLACK_RGB.pdf,1171,b95b7d9d56c150eb7e87d62466a523a78434e772821023bd9797fe98746c96dd,application/pdf
05_SYMBOL_NX/NEXORA_GROUP_SYMBOL_STANDARD_BLACK_RGB.svg,673,ff0385cd2a3a224d7b9d5576a136dc8b6cb82368349ea28297968b535b3b8666,image/svg+xml
05_SYMBOL_NX/NEXORA_GROUP_SYMBOL_STANDARD_COLOR_RGB.eps,2877,72d561f43f2b0798d1f302f9426bcb37a956f9e7b89f935e533e03c43a7778f7,application/postscript
05_SYMBOL_NX/NEXORA_GROUP_SYMBOL_STANDARD_COLOR_RGB.pdf,1204,4c6fe16076177388fd1f89db2e37f40a3d98741316288fe7e31213863b61bd2c,application/pdf
05_SYMBOL_NX/NEXORA_GROUP_SYMBOL_STANDARD_COLOR_RGB.svg,673,826ef9f76b1a5fb405e012cf141faa3b388a65ad99722c6501c476b49b42c8d9,image/svg+xml
05_SYMBOL_NX/NEXORA_GROUP_SYMBOL_STANDARD_COLOR_RGB_1024.png,10996,c9037da4d3cf15712b3548b7406cde3aef0ad623529163021cde828d367497a5,image/png
05_SYMBOL_NX/NEXORA_GROUP_SYMBOL_STANDARD_COLOR_RGB_12000.png,499059,2dd0fe64f53311362f6d8f8c73c3958b8c78c50cba9162349efa28744fe4b1f3,image/png
05_SYMBOL_NX/NEXORA_GROUP_SYMBOL_STANDARD_COLOR_RGB_128.png,1742,89b4066a7bf1541a9f07d700744fd0d25899ddfe243c98e85d15f98b19d89b66,image/png
05_SYMBOL_NX/NEXORA_GROUP_SYMBOL_STANDARD_COLOR_RGB_16.png,392,1a41e67a7e93cde30114ad3bebd086ddd692f165ebf7e8ff34bcb9400196d43b,image/png
05_SYMBOL_NX/NEXORA_GROUP_SYMBOL_STANDARD_COLOR_RGB_16000.jpg,2082280,73ce0ead3195672f89c525c92597323d5c93864cba5831d91e0fbf818a10b393,image/jpeg
05_SYMBOL_NX/NEXORA_GROUP_SYMBOL_STANDARD_COLOR_RGB_16000.png,788270,27d042748db718f9bf1be9d9d8a85d10b5056ad975e6ae07774ddd67c8699df3,image/png
05_SYMBOL_NX/NEXORA_GROUP_SYMBOL_STANDARD_COLOR_RGB_16000.webp,66510,e01ec6bafc2764539d69cf7f855d2638471bc850f1b4eb05fb35a9cab4ff6582,image/webp
05_SYMBOL_NX/NEXORA_GROUP_SYMBOL_STANDARD_COLOR_RGB_2048.jpg,81083,09d42e7a1027639a0eef0fa6c752a930c704e0bd7622c902792d09afd612ed3c,image/jpeg
05_SYMBOL_NX/NEXORA_GROUP_SYMBOL_STANDARD_COLOR_RGB_2048.png,24221,ea472dcccf12677e5c54882503d7fc15d21648f61840aa404c0261729e559a13,image/png
05_SYMBOL_NX/NEXORA_GROUP_SYMBOL_STANDARD_COLOR_RGB_2048.webp,5622,b5aa99ae48f121fab5ce80d6d42145ae25ea89300087c3c25f4c1f378ec5990e,image/webp
05_SYMBOL_NX/NEXORA_GROUP_SYMBOL_STANDARD_COLOR_RGB_24.png,563,0ac1ebcc73047e92abf1a073ba4c582e08d671a91494d3b9ce1cb41f30b5f243,image/png
05_SYMBOL_NX/NEXORA_GROUP_SYMBOL_STANDARD_COLOR_RGB_256.png,2951,841c58f39158363c734c6207af423494886174e4816aa1bb0aa5f5814c28a1c6,image/png
05_SYMBOL_NX/NEXORA_GROUP_SYMBOL_STANDARD_COLOR_RGB_32.png,705,082148d91dcf63da86ea7fdc6cb082a07de40c6b8bcc2b88ed159eb13f9da5ee,image/png
05_SYMBOL_NX/NEXORA_GROUP_SYMBOL_STANDARD_COLOR_RGB_4096.jpg,201173,1c94f3c9bc1b0f609c81f76d9b6a9dd3c4b45885901286d36cac13f5a6277f82,image/jpeg
05_SYMBOL_NX/NEXORA_GROUP_SYMBOL_STANDARD_COLOR_RGB_4096.png,67789,1801e081ffadcd67ac71d9cda3c12199c3c5c4dd8e52d51e8681907e98cd6015,image/png
05_SYMBOL_NX/NEXORA_GROUP_SYMBOL_STANDARD_COLOR_RGB_4096.webp,10992,00b3e25759ff32e93ca6c55ff1edc8e9150b073bc8347cbc0a7623c090878ca6,image/webp
05_SYMBOL_NX/NEXORA_GROUP_SYMBOL_STANDARD_COLOR_RGB_48.png,928,f27ccf15cca294763088cff302a77a6713796eef268329fc9b993e64596e28d6,image/png
05_SYMBOL_NX/NEXORA_GROUP_SYMBOL_STANDARD_COLOR_RGB_512.png,5100,bd150a73c0550eb210f2e5e251736e452d2d8cf6ba0bd7598e44c10d67982ed7,image/png
05_SYMBOL_NX/NEXORA_GROUP_SYMBOL_STANDARD_COLOR_RGB_6000.png,123231,7c0547aeaace3990f243e1dd9b15ce40984c29f926e3f65314ebb7003ea2d559,image/png
05_SYMBOL_NX/NEXORA_GROUP_SYMBOL_STANDARD_COLOR_RGB_64.png,1013,e881a62020be85c5beec4a6fc83d2a00028f6656f850c4340dd5567b861a2b22,image/png
05_SYMBOL_NX/NEXORA_GROUP_SYMBOL_STANDARD_COLOR_RGB_8000.jpg,638183,067c7967b10fcb1abbebc7b0b241a691b4fbef8c9dba208e44dff0cddee77d56,image/jpeg
05_SYMBOL_NX/NEXORA_GROUP_SYMBOL_STANDARD_COLOR_RGB_8000.png,197896,b74fa75c59dff6fafed6c95dd8fd80f9234f43e7962fa25f6667c0e18fa9a13f,image/png
05_SYMBOL_NX/NEXORA_GROUP_SYMBOL_STANDARD_COLOR_RGB_8000.webp,23216,680717cbde9bd5a4bedfe1583a440e0cada41137093f4d8cbcda692d9bb6c408,image/webp
05_SYMBOL_NX/NEXORA_GROUP_SYMBOL_STANDARD_GRAYSCALE_RGB.eps,2876,08673ddde7c8598463ff2fab0ed5e49d36e1fe8b3e68740e0fa5c1bf350282ac,application/postscript
05_SYMBOL_NX/NEXORA_GROUP_SYMBOL_STANDARD_GRAYSCALE_RGB.pdf,1202,e9246dccd0fc173fe108dfbbc72ae212537362b5b4e060a57909610eaa041451,application/pdf
05_SYMBOL_NX/NEXORA_GROUP_SYMBOL_STANDARD_GRAYSCALE_RGB.svg,673,e81bc7a478b5bcd21beea1cc2b21de06596274652243c41935ea049352fab8ab,image/svg+xml
05_SYMBOL_NX/NEXORA_GROUP_SYMBOL_STANDARD_NAVY_RGB.eps,2847,275fe9c92ef06ea0d964295a2cc4cd6969f50395d339e82f2a870ec0f307d90e,application/postscript
05_SYMBOL_NX/NEXORA_GROUP_SYMBOL_STANDARD_NAVY_RGB.pdf,1186,c5f27d50426f8a26def82502c1251915a975401a3954866d375af1d30d679505,application/pdf
05_SYMBOL_NX/NEXORA_GROUP_SYMBOL_STANDARD_NAVY_RGB.svg,673,351fc3b56042e88ef83070d04f9c9a4d884eea5c06890533e742cd8882956ea8,image/svg+xml
05_SYMBOL_NX/NEXORA_GROUP_SYMBOL_STANDARD_WHITE_RGB.eps,2820,5fe6cb269a017bfcb556844fa992b543f831bed9d61113f0b7a9c33576b927a8,application/postscript
05_SYMBOL_NX/NEXORA_GROUP_SYMBOL_STANDARD_WHITE_RGB.pdf,1171,97152d37c346539311bd4c41b636b9a1666007ed9a7b2d6170eb34becbfa3645,application/pdf
05_SYMBOL_NX/NEXORA_GROUP_SYMBOL_STANDARD_WHITE_RGB.svg,673,1ddf68b07b0a701ffdff0a98f7f793f3c9f6f0a097a8e672e5c282ea843a9fcb,image/svg+xml
06_WORDMARK/NEXORA_GROUP_WORDMARK_BLACK_RGB.pdf,2391,cdf98ee996c5047f69497744835129743c85931caaa161aaeda14e62f562f3c4,application/pdf
06_WORDMARK/NEXORA_GROUP_WORDMARK_BLACK_RGB.svg,4570,a3bc293a94051ea8e77b9fa855fd4948f8a2837d7f434956eb4b15b74bbac32f,image/svg+xml
06_WORDMARK/NEXORA_GROUP_WORDMARK_COLOR_RGB.pdf,2425,6ed5dd9cceb8e098b7b00339dd745990b9875a87a99927b2bd0ee0f72e2954f1,application/pdf
06_WORDMARK/NEXORA_GROUP_WORDMARK_COLOR_RGB.svg,4609,9fbe6851a588b612ec27d796a206e0926d3431255f03aed5a0bbe663a45d30d6,image/svg+xml
06_WORDMARK/NEXORA_GROUP_WORDMARK_COLOR_RGB_1024.png,21737,59dfef913259e308fc2afe404bf1891d124024f85e9b9fef5f0d96a7b28aee3c,image/png
06_WORDMARK/NEXORA_GROUP_WORDMARK_COLOR_RGB_2048.png,46448,ca11e8d979fc1f933e9fce1c81df6aa96071abbd3810650907ace17b6f725e38,image/png
06_WORDMARK/NEXORA_GROUP_WORDMARK_COLOR_RGB_4096.png,102396,d5c2ba88907f2e800e5a0df641335a7445147dc846f486fbc1a72c717ec9a869,image/png
06_WORDMARK/NEXORA_GROUP_WORDMARK_GRAYSCALE_RGB.pdf,2423,40b2d07c67c1a024f5a91cb11624c3d45d84652876141773e74d2de93548ad1c,application/pdf
06_WORDMARK/NEXORA_GROUP_WORDMARK_GRAYSCALE_RGB.svg,4609,43e8930de276f80d4ab56ca4b826a8eaf791e13cad203858a5437d1873375190,image/svg+xml
06_WORDMARK/NEXORA_GROUP_WORDMARK_NAVY_RGB.pdf,2406,2c59a132930e0d0cafb3163fc23de7be85d7f9bfd3c88d22268f5266a4dc6ad0,application/pdf
06_WORDMARK/NEXORA_GROUP_WORDMARK_NAVY_RGB.svg,4609,0d5896a5983c9751540af7cfee2df88d8ec3db4c4d2f0bf37ebefc1a7ca134c5,image/svg+xml
06_WORDMARK/NEXORA_GROUP_WORDMARK_WHITE_RGB.pdf,2392,b9ec1b1fe7896a1e5c0b3c1bf4c296ce8713964cfb0c6a38c26c719a1189e305,application/pdf
06_WORDMARK/NEXORA_GROUP_WORDMARK_WHITE_RGB.svg,4609,9c88a4b34570778d9778df254256bbda0721add9725e7344c5b639098bf03117,image/svg+xml
06_WORDMARK/NEXORA_PRODUCT_WORDMARK_BLACK_RGB.svg,2909,dd1ecfed1780e1d6654cf6691eac9e6332d18301116fad67ed67b50e415dc61b,image/svg+xml
06_WORDMARK/NEXORA_PRODUCT_WORDMARK_COLOR_RGB.svg,2935,97140c494f10e492ed51ad3b679b5e6aa1aa29c01547647797ed126cc0c53f40,image/svg+xml
06_WORDMARK/NEXORA_PRODUCT_WORDMARK_GRAYSCALE_RGB.svg,2935,dcddce70436ad9cfc5170fa4827ed5802a97a3615ac0fee1e8c56778028df77d,image/svg+xml
06_WORDMARK/NEXORA_PRODUCT_WORDMARK_NAVY_RGB.svg,2935,52ac1794bb3e9b7c78c5a563ffb7fbe8d40b337e647708267ff3ce99372c1613,image/svg+xml
06_WORDMARK/NEXORA_PRODUCT_WORDMARK_WHITE_RGB.svg,2935,518eb6d8234986f7d202b3a21b2d3f14e17a4e3426de1968668e1a51b19d70fc,image/svg+xml
07_MICRO/MICRO_OPTICAL_NOTES.txt,222,859564e7ae339ba938e193e90263e483e3c720ac8dd92c06e4b0c964e2450f1b,text/plain
07_MICRO/NEXORA_GROUP_MICRO_BLACK.svg,673,9563712a287062cb8dd0b5cd71769cfec599a1f741fea400ef51744412ddf87c,image/svg+xml
07_MICRO/NEXORA_GROUP_MICRO_COLOR.svg,673,ebc32a700cc6104e74234960d48a6585e6428bbd9e6a4497214a455efd4a3d55,image/svg+xml
07_MICRO/NEXORA_GROUP_MICRO_COLOR_RGB_16.png,407,7991468c574bbb1fb0cecf94f035e6f7817727dc90bb0da2a08c0ce7a41e0c8a,image/png
07_MICRO/NEXORA_GROUP_MICRO_COLOR_RGB_24.png,551,89545f94a829c12e1d4310a6f348a5c7d8723b92258d88b145c2dc7cadf93b9c,image/png
07_MICRO/NEXORA_GROUP_MICRO_COLOR_RGB_32.png,712,ff3ff7c6bd1317f6d29d2a277b980cb2c2a9960bb64ca2cdb94dee558c6454b9,image/png
07_MICRO/NEXORA_GROUP_MICRO_COLOR_RGB_48.png,882,9253fef8edc37bbbe2c918ed6b2b9d0b6546fd688a3e1ca0c9224b97984fb3d5,image/png
07_MICRO/NEXORA_GROUP_MICRO_COLOR_RGB_64.png,1115,6b2078db28007218dacb2b0744493717a58cb6b0d2db6e89217a42f25af85098,image/png
07_MICRO/NEXORA_GROUP_MICRO_NAVY.svg,673,957106e4dc8a17d80f628ad8b09b88fce4fed3016d52f9d2aacce62cd7f06d98,image/svg+xml
07_MICRO/NEXORA_GROUP_MICRO_WHITE.svg,673,db7938345a704864c9bf49bdbd6c6c0e74d2ce6ab7f79bdaee16e77216ae6bab,image/svg+xml
08_MONO_BLACK/NEXORA_GROUP_HORIZONTAL_BLACK.pdf,5923,285c8abda4c4e975d0cf045451d67ccd17f093ade988b00ad44a4467c584db27,application/pdf
08_MONO_BLACK/NEXORA_GROUP_HORIZONTAL_BLACK.svg,14319,41600b83148090c623580f3f79bafb62b7dc4d32369465266ce18fb92099694f,image/svg+xml
08_MONO_BLACK/NEXORA_GROUP_PRIMARY_BLACK.pdf,5926,289e21ed93305f4fd26501933c88bbd441ddcd11e813cb76616b9cb3e631e2ce,application/pdf
08_MONO_BLACK/NEXORA_GROUP_PRIMARY_BLACK.svg,14630,ae4ccd1aa2d434157aa210dcfe229a371b3971fd56b593c8f17c20eb2a5fc47f,image/svg+xml
08_MONO_BLACK/NEXORA_GROUP_PRIMARY_BLACK_RGB_1024.png,34987,72ad5136a26ac65d9a8467f5fb6397c748bc8939c78466cb0610d5623c39539e,image/png
08_MONO_BLACK/NEXORA_GROUP_PRIMARY_BLACK_RGB_2048.png,78151,156e2847c647072687b4c1d506fceadc1352962487a7e7312adac94e0fdee8e2,image/png
08_MONO_BLACK/NEXORA_GROUP_PRIMARY_BLACK_RGB_4096.png,187929,2692e92e6f2fae3f8d2e37bdcc00adf129f6c35da5c9318407a2ad0ee9e983ab,image/png
08_MONO_BLACK/NEXORA_GROUP_SYMBOL_BLACK.pdf,1171,f5630cd4b30995cf918d0e4e5ab414309d789e683a7fa2e8a9b99feb965db6b7,application/pdf
08_MONO_BLACK/NEXORA_GROUP_SYMBOL_BLACK.svg,673,ff0385cd2a3a224d7b9d5576a136dc8b6cb82368349ea28297968b535b3b8666,image/svg+xml
08_MONO_BLACK/NEXORA_GROUP_WORDMARK_BLACK.pdf,2391,b8f6df3c4703d0ceefc4103898934f3a2cc97931802926036c011576d8c4056d,application/pdf
08_MONO_BLACK/NEXORA_GROUP_WORDMARK_BLACK.svg,4570,a3bc293a94051ea8e77b9fa855fd4948f8a2837d7f434956eb4b15b74bbac32f,image/svg+xml
09_NEGATIVE_WHITE/NEXORA_GROUP_HORIZONTAL_WHITE.svg,14371,e1b20346de70b51f83000c50e5f47a425cdb43c4e5a58019289e608cf19f1c22,image/svg+xml
09_NEGATIVE_WHITE/NEXORA_GROUP_PRIMARY_WHITE.svg,14682,286b6d2f998b91b1161c72cfa94765a2f39523a323eaf61a0c806adf2dcabc74,image/svg+xml
09_NEGATIVE_WHITE/NEXORA_GROUP_PRIMARY_WHITE_RGB_1024.png,32997,dea4e17053fde654942349d1b7290327eb71f292474ce4cb1ad13354b352ae58,image/png
09_NEGATIVE_WHITE/NEXORA_GROUP_PRIMARY_WHITE_RGB_2048.png,73321,3ddccdcc0ccea6dcbced9d6fef44e5800334a80ac87c6569c1fcd0446b9c9b63,image/png
09_NEGATIVE_WHITE/NEXORA_GROUP_PRIMARY_WHITE_RGB_4096.png,176649,fed2f6c9fa0ea7cecbd0a93b1cef0faeaffbd21a5cfd3dcbca7cf72dcd6b8c15,image/png
09_NEGATIVE_WHITE/NEXORA_GROUP_SYMBOL_WHITE.svg,673,1ddf68b07b0a701ffdff0a98f7f793f3c9f6f0a097a8e672e5c282ea843a9fcb,image/svg+xml
09_NEGATIVE_WHITE/NEXORA_GROUP_WORDMARK_WHITE.svg,4609,9c88a4b34570778d9778df254256bbda0721add9725e7344c5b639098bf03117,image/svg+xml
10_DIGITAL/brand-colors.css,221,ab76a5e6dcda6de1412233af97841585c97d0f7732b9ae1e533f0d08e23b7f84,text/css
10_DIGITAL/brand-colors.json,560,db37cb7839c39b1fa06941e45729983cb45f33a288c21a6d9464e5d3ee89f79b,application/json
10_DIGITAL/brand-colors.scss,150,6029b5f5662ded48db9f3c10901da99271464c28da97a26959b9894cf97f2d5e,application/octet-stream
10_DIGITAL/design-tokens.json,771,fc6d85efb2e6d6de266a873434a5692053cea6e80d223d7e8a63c1cb1d5b9479,application/json
10_DIGITAL/nexora-brand-header.svg,4901,4c3acdfc561a3a1824070a3e74aafe6c3a7f96de45033da2027a967796573f8b,image/svg+xml
10_DIGITAL/nexora-brand-micro.svg,673,ebc32a700cc6104e74234960d48a6585e6428bbd9e6a4497214a455efd4a3d55,image/svg+xml
11_FAVICON_PWA/NEXORA_ICON_TRANSPARENT_1024.png,11030,f1aa1af8067eedc4f41e1b80f43a048937b1060064dcbeb14262d01c51fcbc17,image/png
11_FAVICON_PWA/NEXORA_ICON_TRANSPARENT_128.png,1861,8268d0758b0b9e64781e97f4b537112f79bb0f5f0cbd9814e557b528dc34de3f,image/png
11_FAVICON_PWA/NEXORA_ICON_TRANSPARENT_16.png,407,7991468c574bbb1fb0cecf94f035e6f7817727dc90bb0da2a08c0ce7a41e0c8a,image/png
11_FAVICON_PWA/NEXORA_ICON_TRANSPARENT_180.png,2508,a39b49845068218f1d3f8b13fef1c46b7f801eb8dd039e912e4c1803872b2790,image/png
11_FAVICON_PWA/NEXORA_ICON_TRANSPARENT_192.png,2664,a838f4433ebaa2052b7466f441a6637267b382e3f51b8883539c404dc2cd9fd7,image/png
11_FAVICON_PWA/NEXORA_ICON_TRANSPARENT_24.png,551,89545f94a829c12e1d4310a6f348a5c7d8723b92258d88b145c2dc7cadf93b9c,image/png
11_FAVICON_PWA/NEXORA_ICON_TRANSPARENT_256.png,3091,2119f2f3469c0a83130cc38467c58eaeb5b8d254587464cf97813730e14f1831,image/png
11_FAVICON_PWA/NEXORA_ICON_TRANSPARENT_32.png,712,ff3ff7c6bd1317f6d29d2a277b980cb2c2a9960bb64ca2cdb94dee558c6454b9,image/png
11_FAVICON_PWA/NEXORA_ICON_TRANSPARENT_384.png,3686,fb8258e42f4e11af174ff3371a384be4a00685e0e69d9d257597ea537ea80cd6,image/png
11_FAVICON_PWA/NEXORA_ICON_TRANSPARENT_48.png,882,9253fef8edc37bbbe2c918ed6b2b9d0b6546fd688a3e1ca0c9224b97984fb3d5,image/png
11_FAVICON_PWA/NEXORA_ICON_TRANSPARENT_512.png,5497,cb6b2e97282d0fd679776d5341598187c5080a09855305cc18e73ff955917baa,image/png
11_FAVICON_PWA/NEXORA_ICON_TRANSPARENT_64.png,1115,6b2078db28007218dacb2b0744493717a58cb6b0d2db6e89217a42f25af85098,image/png
11_FAVICON_PWA/NEXORA_PWA_ICON_1024.png,13341,58133620fa84ed910f8bc833cf074f23940bdb45fa64e3c39fdecb7b6df9fc20,image/png
11_FAVICON_PWA/NEXORA_PWA_ICON_180.png,2188,f616b2b93e791ac3078e589f13b83b5141d77699b567728ea162d03aab010eae,image/png
11_FAVICON_PWA/NEXORA_PWA_ICON_192.png,2427,e38637fd7044eaf141a03205acdc1ee639c01f628ae50ffef85eaed632a05006,image/png
11_FAVICON_PWA/NEXORA_PWA_ICON_512.png,6500,880d592b0a007efa9a547080d92276d0024aecd3c066ebfcd5680bdb159931b0,image/png
11_FAVICON_PWA/NEXORA_PWA_MASKABLE_512.png,3349,da864d90e7ef86e9dd011b32a20952a90a9733126c5dd03691944635082e7e16,image/png
11_FAVICON_PWA/favicon.ico,8395,464bdaf3440e8a611a640d484789010b5b791bfef454ef76ccfbf6faca8c5384,image/vnd.microsoft.icon
11_FAVICON_PWA/favicon.svg,673,ebc32a700cc6104e74234960d48a6585e6428bbd9e6a4497214a455efd4a3d55,image/svg+xml
11_FAVICON_PWA/manifest-icon-notes.txt,173,3e97d082c0ea531affe706c94e21742d3f4e288acdb43c88a45fbf919de8622f,text/plain
12_PRINT/NEXORA_GROUP_MASTER_COLOR_CMYK.pdf,7398,ef8cba0dd8a0e06bbd0fe25e4a76544b61b14d9efacd0dda799f738548aa6414,application/pdf
12_PRINT/NEXORA_GROUP_MASTER_COLOR_PRINT.eps,17966,4c77c91223cf0613bb2572921fb8f39872250168876cec75ee6d08d48c67bfce,application/postscript
12_PRINT/NEXORA_GROUP_MASTER_NAVY_CMYK.pdf,7369,e9f0626c0720318053d72a5dbb60992d44aca65be69c04852e640e47bee60e6d,application/pdf
12_PRINT/NEXORA_GROUP_PRIMARY_PRINT_PROOF_300DPI.png,121979,d7fdbe3000be825d87d3d08766ac932ae6d4a104d9f9ef54ab467a97f3e0549a,image/png
12_PRINT/NEXORA_GROUP_PRIMARY_PRINT_PROOF_600DPI.png,289223,ca3c30abf3120816a5e7d82b968723e293b0a12cc15735f541dbe389db6ad7aa,image/png
12_PRINT/PRINT_SPECIFICATIONS.txt,568,8d9c0236f00b6ac2bfc9e50e868c212e0c3d31b9c3204af13884b05b404143a6,text/plain
13_DOCUMENTS/DOCUMENT_BRANDING_NOTES.txt,219,155cfb04fc1c49bf1966c5e5a87dd3b2621c6773ed725a0a2f1a0bd4959aee72,text/plain
13_DOCUMENTS/NEXORA_GROUP_CONTRACT_COVER_A4.pdf,4006,4ec982caaecf2b2f509029870080c9776eb1e0420e4d3bf98169dabf7b0ee861,application/pdf
13_DOCUMENTS/NEXORA_GROUP_EMAIL_SIGNATURE.png,45393,3afc2a4a322b5f4ed2969c6bf3c256a0e1b76a4284a504c9f78294c5fb3611a7,image/png
13_DOCUMENTS/NEXORA_GROUP_EXECUTIVE_REPORT_COVER_A4.pdf,4006,3df5e45b654e4b82cc805e280261dfc7e204665a0d6fbd33c23a1a220d1b7cfb,application/pdf
13_DOCUMENTS/NEXORA_GROUP_LETTERHEAD_A4.pdf,3872,3a296c7833c6e82cf1ae4b81819c3626e2c6e8036d043689875241e3f925bfdc,application/pdf
13_DOCUMENTS/NEXORA_GROUP_VOUCHER_HEADER.svg,4901,4c3acdfc561a3a1824070a3e74aafe6c3a7f96de45033da2027a967796573f8b,image/svg+xml
14_SOCIAL/NEXORA_GROUP_FACEBOOK_COVER.png,68089,47e7beb1aeb1483dfeec3eef725fb97fcb8be92f036ff2c5643a76ff9f008db5,image/png
14_SOCIAL/NEXORA_GROUP_GITHUB_AVATAR.png,28940,4e8caf11ed6ab773c4c2f810ee7430ddaf7331f3b7b561468784552540d77555,image/png
14_SOCIAL/NEXORA_GROUP_INSTAGRAM_AVATAR.png,30038,ed2d1d49e4cc9c714882bb29771d31e35e96457dfc8f882e45d175e8c3546316,image/png
14_SOCIAL/NEXORA_GROUP_LINKEDIN_AVATAR.png,20127,17fb557e82b744182303b043f19a94bc19c97f66701b32962daa9e894dfd0713,image/png
14_SOCIAL/NEXORA_GROUP_LINKEDIN_BANNER.png,53432,9601f70676ab310af260f885453c908ba0bdefc739fa0fb6d1a7cc007f63e6a9,image/png
14_SOCIAL/NEXORA_GROUP_X_AVATAR.png,20127,17fb557e82b744182303b043f19a94bc19c97f66701b32962daa9e894dfd0713,image/png
14_SOCIAL/NEXORA_GROUP_X_HEADER.png,58786,fd828e1cddf43ea0fdaa0a2a623451c91b14d658df44d2abe3432e89f021b40f,image/png
14_SOCIAL/NEXORA_GROUP_YOUTUBE_AVATAR.png,20127,17fb557e82b744182303b043f19a94bc19c97f66701b32962daa9e894dfd0713,image/png
14_SOCIAL/NEXORA_GROUP_YOUTUBE_BANNER.png,77118,fa78c1aa56ba13b9c529c4548efe1764c4fa850a2bd176c2b4a057b8c68c88aa,image/png
14_SOCIAL/SOCIAL_SPECS.txt,191,53872c9d9e7c2fd5cbc54f4fd0a6aa7669bd55c6dc71f3d3d12faf064f78ccfd,text/plain
15_CORPORATE_APPLICATIONS/APPLICATIONS_README.txt,198,120fea689dc938d4a9a92f99f0de63231e21eeeafa229f19247bb9146a9f5bcd,text/plain
15_CORPORATE_APPLICATIONS/NEXORA_GROUP_APPLICATION_BUSINESS_CARD.png,58261,98fd65456922c2f74d86a54c3ece2c6ac70fd7813b16e1cd7ae8abc852ad110c,image/png
15_CORPORATE_APPLICATIONS/NEXORA_GROUP_APPLICATION_FACADE.png,64760,9565f2acaa6dd80a1786b2335bfa2443619b2961692a7ec3e665082993487f84,image/png
15_CORPORATE_APPLICATIONS/NEXORA_GROUP_APPLICATION_HARDHAT.png,48945,91fb111b4ee3a1a7fa52d3af1e6326c9823c7c2165871a161be16508124f5fe7,image/png
15_CORPORATE_APPLICATIONS/NEXORA_GROUP_APPLICATION_ID_BADGE.png,40746,cc0562b75afd5fdc41d65d9ab81ca532b3e113a51beb62a1067e7619a599bf44,image/png
15_CORPORATE_APPLICATIONS/NEXORA_GROUP_APPLICATION_RECEPTION.png,56093,8016fa4d2794c20e8f9d4a7a14e297a1f4388e4aa3c6d0f3b6dd845c80aaa80c,image/png
15_CORPORATE_APPLICATIONS/NEXORA_GROUP_APPLICATION_UNIFORM.png,36290,9b3a59e736edf2eadb06aa163c73d37b3d2605050ba74f8ebb2df31842068f16,image/png
15_CORPORATE_APPLICATIONS/NEXORA_GROUP_APPLICATION_VEHICLE.png,46719,5713c9ae7870ab713f1b35a525540139c5a6665d19c2b8cb9588ffc15206a306,image/png
16_UI_PRODUCT/NEXORA_UI_LOGIN.png,46432,1bab630b2e3fd1f2f054df3f169cf53b9d5e976125d31658f5f06aa5680a2828,image/png
16_UI_PRODUCT/NEXORA_UI_THEME_BELIZE.png,78246,337f176577b01dbb808436757affddf3e000421de430c0e584530b4af311c2e8,image/png
16_UI_PRODUCT/NEXORA_UI_THEME_DARK.png,78169,51c51ba173b74518f697dbbb90a1f65bfba08858e2a7276abdbeae5f7ef78f83,image/png
16_UI_PRODUCT/NEXORA_UI_THEME_HORIZON.png,78046,747ea939b66f56bc1453a955f0ae8914b8b2804777e696180c5729ad6565dfb8,image/png
16_UI_PRODUCT/NEXORA_UI_THEME_NEXORA.png,77096,b6638f6b07a7fc867b235090766a0c03aa0a6994677c0e02fc7ea3410ddf5877,image/png
16_UI_PRODUCT/NEXORA_UI_THEME_QUARTZ.png,79320,c995ad15654e2afd40f1a92528d51ee5394bbaafc436916318a34407527ee0b3,image/png
16_UI_PRODUCT/NEXORA_UI_THEME_SAP_GUI.png,80308,3d58c4874bfc94c3812037902b116e94ed1dbbec8e803b344c650173707652f3,image/png
16_UI_PRODUCT/UI_PRODUCT_NOTES.txt,225,765afacc935ebe8872a8250c767577acff6c463035bc2dd97b0f1623f76e6484,text/plain
17_GRAPHIC_SYSTEM/GRAPHIC_SYSTEM_NOTES.txt,264,3940ab91401996c6fb309c84a48660e1923870ad92710b1a7a05dd3e318ff5dc,text/plain
17_GRAPHIC_SYSTEM/NEXORA_DIVIDER.svg,243,428b08f7640a2a0f2665eceb03e4b58d5be5114074f7698713f2a7527375ac04,image/svg+xml
17_GRAPHIC_SYSTEM/NEXORA_GRAPHIC_ANGLE.svg,307,f40ef3a3a50135a298877d85b79439eb86888d139858018ca4e9856762ed2c72,image/svg+xml
17_GRAPHIC_SYSTEM/NEXORA_PATTERN_DARK.png,63681,c2612fb1314b57f04b0909b0f4c5bef1cc9dc30cb0e9954976cac37734d93593,image/png
17_GRAPHIC_SYSTEM/NEXORA_PATTERN_DARK.svg,2018,ec428b9886ef8cab389cf84f43c0539105b0de746be3d8d96fcf25ccfde67c98,image/svg+xml
17_GRAPHIC_SYSTEM/NEXORA_PATTERN_DOCUMENT.png,53182,430f5bfc696b75e3c67a4780eb9fe03ddc330a0c5439f1d48b2812044585addb,image/png
17_GRAPHIC_SYSTEM/NEXORA_PATTERN_DOCUMENT.svg,2030,b6620bc978e21ee462882261948a7bfc749698514ef8e9e608077cb2b4bae41f,image/svg+xml
17_GRAPHIC_SYSTEM/NEXORA_PATTERN_LIGHT.png,57872,f6a9f885872b3471ee339f15e048d09a61dabf37a864fe00d5bbf596d292182c,image/png
17_GRAPHIC_SYSTEM/NEXORA_PATTERN_LIGHT.svg,1850,0c90bc6e6772d0fc9e57e00c5207283935b250130f11b3ddd9c5a8638d4ec882,image/svg+xml
17_GRAPHIC_SYSTEM/NEXORA_PATTERN_PRESENTATION.png,60555,b31889d8e84677bf8e81c69791c465f50e8c4799e955d2f5d56f9f4951093cf6,image/png
17_GRAPHIC_SYSTEM/NEXORA_PATTERN_PRESENTATION.svg,2026,f5d749ddce67ec97f27cd86e3e41c36fe11e040b870e1ac27e84ae4c12b66f36,image/svg+xml
17_GRAPHIC_SYSTEM/NEXORA_PATTERN_PRIMARY.png,69139,ca50ca4ad0354a9a04c7909b0116a017cad64d2b7ac6bdca6aa44f6d38fb005e,image/png
17_GRAPHIC_SYSTEM/NEXORA_PATTERN_PRIMARY.svg,2010,d33583fd69dfb933252baaffdb08f86321cb138dde878b94a158cac7079b0a62,image/svg+xml
17_GRAPHIC_SYSTEM/NEXORA_PATTERN_SUBTLE.png,58410,99d8fbc9185fe513cceaae41df88b0ce83cc40478aef5cb7a618f1d98d8c71ce,image/png
17_GRAPHIC_SYSTEM/NEXORA_PATTERN_SUBTLE.svg,2026,36f385fd2d1598a22fd18db7ceb0dccb8dbac7325194e9b377eca6ed717c39e9,image/svg+xml
18_MOTION/MOTION_NOTES.txt,318,303f2dda011d8d99e7046421408345799c17165db634bbcfe2371e83939ee893,text/plain
18_MOTION/NEXORA_LOGO_REVEAL.gif,5821545,a801211f86d5f84483954b5b30be9c7d20a087f24eea018e15ee99e7bc66a5ba,image/gif
18_MOTION/NEXORA_LOGO_REVEAL.mp4,26739,9522e815c3886f3c4b3c6801933323d01020907449eec38b468c4d1d886ca911,video/mp4
18_MOTION/NEXORA_LOGO_REVEAL.svg,1208,b6794c2e9919bb7d064e744fe07cb2ac985671b2fe785da7cc5ce822c0f5aa4c,image/svg+xml
18_MOTION/NEXORA_LOGO_REVEAL.webm,30547,e0c32bb413c0028513d9ef740ce962ac16e138a36a9ed9f2621bf2d34d794bbb,video/webm
19_BRAND_GUIDELINES/BRAND_GUIDELINES_README.txt,166,b8a4192f06278bb376c0d70e45f9b0883379753a4e4a089a3990c206b5e0c09b,text/plain
19_BRAND_GUIDELINES/NEXORA_GROUP_BRAND_GUIDELINES.pdf,859099,5d4c5e00f96fc2167b03d073d3ab25114accc9f956730f1feb2534b9f30092df,application/pdf
20_QA_AND_MASTERS/PACKAGE_SUMMARY.txt,619,cdf708822205989e4fb4776f9f00b3bb1c0c7ac840e06a266c032d8bbaee10a1,text/plain
20_QA_AND_MASTERS/QA_REPORT.pdf,2178,da57ced23f6cd4dea09835fd6bc0f5e49ba5f5c06eb7c801c6649e40e1869ac5,application/pdf
20_QA_AND_MASTERS/QA_REPORT.txt,1025,b43fe88fafe414f5a1153f2fb440b991e9ad94480594cffd7271dae69f08e098,text/plain
20_QA_AND_MASTERS/RASTER_RESOLUTION_POLICY.txt,447,0874c3fb9d1dff0ad693b5c7f452cca89b8ee429341cd58d7c24b42f9bb405c3,text/plain
20_QA_AND_MASTERS/VERSION.txt,130,6fa59ac262a769258323091edab965a05e6af76d5ea5ee6498e639fc9900afcb,text/plain
